0.000000	102.000000	6.250000	0.000000	
0.100000	101.997905	6.335025	0.000000	
0.200000	101.991623	6.420202	0.000000	
0.300000	101.981165	6.505681	0.000000	
0.400000	101.966546	6.591614	0.000000	
0.500000	101.947789	6.678150	0.000000	
0.600000	101.924923	6.765438	0.000000	
0.700000	101.897984	6.853626	0.000000	
0.800000	101.867014	6.942858	0.000000	
0.900000	101.832062	7.033279	0.000000	
1.000000	101.793180	7.125031	0.000000	
1.100000	101.750431	7.218252	0.000000	
1.200000	101.703879	7.313080	0.000000	
1.300000	101.653597	7.409647	0.000000	
1.400000	101.599664	7.508084	0.000000	
1.500000	101.542162	7.608518	0.000000	
1.600000	101.481180	7.711073	0.000000	
1.700000	101.416812	7.815867	0.000000	
1.800000	101.349158	7.923016	0.000000	
1.900000	101.278321	8.032632	0.000000	
2.000000	101.204411	8.144820	0.000000	
2.100000	101.127540	8.259682	0.000000	
2.200000	101.047826	8.377315	0.000000	
2.300000	100.965391	8.497812	0.000000	
2.400000	100.880360	8.621258	0.000000	
2.500000	100.792863	8.747734	0.000000	
2.600000	100.703032	8.877317	0.000000	
2.700000	100.611003	9.010076	0.000000	
2.800000	100.516915	9.146075	0.000000	
2.900000	100.420909	9.285373	0.000000	
3.000000	100.323129	9.428021	0.000000	
3.100000	100.223721	9.574065	0.000000	
3.200000	100.122833	9.723545	0.000000	
3.300000	100.020615	9.876494	0.000000	
3.400000	99.917217	10.032939	0.000000	
3.500000	99.812793	10.192901	0.000000	
3.600000	99.707493	10.356394	0.000000	
3.700000	99.601473	10.523425	0.000000	
3.800000	99.494886	10.693996	0.000000	
3.900000	99.387885	10.868101	0.000000	
4.000000	99.280623	11.045728	0.000000	
4.100000	99.173255	11.226858	0.000000	
4.200000	99.065931	11.411466	0.000000	
4.300000	98.958803	11.599522	0.000000	
4.400000	98.852020	11.790988	0.000000	
4.500000	98.745730	11.985818	0.000000	
4.600000	98.640080	12.183964	0.000000	
4.700000	98.535212	12.385368	0.000000	
4.800000	98.431268	12.589968	0.000000	
4.900000	98.328388	12.797696	0.000000	
5.000000	98.226706	13.008478	0.000000	
5.100000	98.126355	13.222233	0.000000	
5.200000	98.027464	13.438876	0.000000	
5.300000	97.930160	13.658316	0.000000	
5.400000	97.834562	13.880458	0.000000	
5.500000	97.740790	14.105199	0.000000	
5.600000	97.648955	14.332434	0.000000	
5.700000	97.559167	14.562052	0.000000	
5.800000	97.471529	14.793939	0.000000	
5.900000	97.386141	15.027973	0.000000	
6.000000	97.303096	15.264032	0.000000	
6.100000	97.222483	15.501989	0.000000	
6.200000	97.144386	15.741712	0.000000	
6.300000	97.068882	15.983066	0.000000	
6.400000	96.996043	16.225914	0.000000	
6.500000	96.925935	16.470115	0.000000	
6.600000	96.858619	16.715527	0.000000	
6.700000	96.794148	16.962002	0.000000	
6.800000	96.732572	17.209394	0.000000	
6.900000	96.673931	17.457553	0.000000	
7.000000	96.618261	17.706328	0.000000	
7.100000	96.565591	17.955564	0.000000	
7.200000	96.515945	18.205110	0.000000	
7.300000	96.469337	18.454810	0.000000	
7.400000	96.425778	18.704510	0.000000	
7.500000	96.385272	18.954053	0.000000	
7.600000	96.347814	19.203284	0.000000	
7.700000	96.313396	19.452049	0.000000	
7.800000	96.282000	19.700193	0.000000	
7.900000	96.253604	19.947562	0.000000	
8.000000	96.228179	20.194004	0.000000	
8.100000	96.205689	20.439368	0.000000	
8.200000	96.186093	20.683504	0.000000	
8.300000	96.169342	20.926265	0.000000	
8.400000	96.155382	21.167505	0.000000	
8.500000	96.144153	21.407082	0.000000	
8.600000	96.135589	21.644856	0.000000	
8.700000	96.129618	21.880688	0.000000	
8.800000	96.126162	22.114447	0.000000	
8.900000	96.125138	22.346000	0.000000	
9.000000	96.126458	22.575221	0.000000	
9.100000	96.130027	22.801988	0.000000	
9.200000	96.135747	23.026181	0.000000	
9.300000	96.143514	23.247685	0.000000	
9.400000	96.153220	23.466392	0.000000	
9.500000	96.164751	23.682195	0.000000	
9.600000	96.177991	23.894995	0.000000	
9.700000	96.192819	24.104696	0.000000	
9.800000	96.209109	24.311208	0.000000	
9.900000	96.226733	24.514447	0.000000	
10.000000	96.245558	24.714333	0.000000	
10.100000	96.265450	24.910795	0.000000	
10.200000	96.286270	25.103763	0.000000	
10.300000	96.307877	25.293177	0.000000	
10.400000	96.330129	25.478982	0.000000	
10.500000	96.352879	25.661128	0.000000	
10.600000	96.375981	25.839572	0.000000	
10.700000	96.399286	26.014278	0.000000	
10.800000	96.422643	26.185215	0.000000	
10.900000	96.445902	26.352359	0.000000	
11.000000	96.468911	26.515694	0.000000	
11.100000	96.491516	26.675208	0.000000	
11.200000	96.513566	26.830898	0.000000	
11.300000	96.534907	26.982764	0.000000	
11.400000	96.555388	27.130817	0.000000	
11.500000	96.574855	27.275071	0.000000	
11.600000	96.593159	27.415548	0.000000	
11.700000	96.610150	27.552276	0.000000	
11.800000	96.625679	27.685290	0.000000	
11.900000	96.639599	27.814630	0.000000	
12.000000	96.651766	27.940344	0.000000	
12.100000	96.662037	28.062484	0.000000	
12.200000	96.670272	28.181110	0.000000	
12.300000	96.676334	28.296288	0.000000	
12.400000	96.680089	28.408087	0.000000	
12.500000	96.681405	28.516585	0.000000	
12.600000	96.680154	28.621864	0.000000	
12.700000	96.676213	28.724011	0.000000	
12.800000	96.669462	28.823119	0.000000	
12.900000	96.659784	28.919287	0.000000	
13.000000	96.647069	29.012616	0.000000	
13.100000	96.631208	29.103214	0.000000	
13.200000	96.612100	29.191193	0.000000	
13.300000	96.589647	29.276670	0.000000	
13.400000	96.563757	29.359764	0.000000	
13.500000	96.534344	29.440600	0.000000	
13.600000	96.501324	29.519305	0.000000	
13.700000	96.464623	29.596010	0.000000	
13.800000	96.424170	29.670850	0.000000	
13.900000	96.379901	29.743962	0.000000	
14.000000	96.331758	29.815485	0.000000	
14.100000	96.279687	29.885562	0.000000	
14.200000	96.223643	29.954338	0.000000	
14.300000	96.163586	30.021958	0.000000	
14.400000	96.099482	30.088570	0.000000	
14.500000	96.031303	30.154323	0.000000	
14.600000	95.959030	30.219368	0.000000	
14.700000	95.882648	30.283856	0.000000	
14.800000	95.802149	30.347938	0.000000	
14.900000	95.717532	30.411766	0.000000	
15.000000	95.628801	30.475491	0.000000	
15.100000	95.535970	30.539265	0.000000	
15.200000	95.439055	30.603239	0.000000	
15.300000	95.338083	30.667563	0.000000	
15.400000	95.233083	30.732385	0.000000	
15.500000	95.124094	30.797854	0.000000	
15.600000	95.011160	30.864113	0.000000	
15.700000	94.894330	30.931309	0.000000	
15.800000	94.773660	30.999581	0.000000	
15.900000	94.649214	31.069068	0.000000	
16.000000	94.521059	31.139909	0.000000	
16.100000	94.389269	31.212234	0.000000	
16.200000	94.253924	31.286176	0.000000	
16.300000	94.115109	31.361859	0.000000	
16.400000	93.972915	31.439408	0.000000	
16.500000	93.827438	31.518942	0.000000	
16.600000	93.678777	31.600575	0.000000	
16.700000	93.527040	31.684417	0.000000	
16.800000	93.372337	31.770576	0.000000	
16.900000	93.214782	31.859152	0.000000	
17.000000	93.054494	31.950242	0.000000	
17.100000	92.891598	32.043936	0.000000	
17.200000	92.726219	32.140322	0.000000	
17.300000	92.558490	32.239479	0.000000	
17.400000	92.388543	32.341482	0.000000	
17.500000	92.216516	32.446402	0.000000	
17.600000	92.042549	32.554300	0.000000	
17.700000	91.866785	32.665236	0.000000	
17.800000	91.689369	32.779259	0.000000	
17.900000	91.510448	32.896416	0.000000	
18.000000	91.330172	33.016745	0.000000	
18.100000	91.148691	33.140279	0.000000	
18.200000	90.966158	33.267044	0.000000	
18.300000	90.782725	33.397061	0.000000	
18.400000	90.598546	33.530342	0.000000	
18.500000	90.413776	33.666894	0.000000	
18.600000	90.228569	33.806719	0.000000	
18.700000	90.043081	33.949808	0.000000	
18.800000	89.857464	34.096151	0.000000	
18.900000	89.671874	34.245728	0.000000	
19.000000	89.486462	34.398512	0.000000	
19.100000	89.301380	34.554473	0.000000	
19.200000	89.116779	34.713572	0.000000	
19.300000	88.932807	34.875764	0.000000	
19.400000	88.749611	35.040997	0.000000	
19.500000	88.567334	35.209216	0.000000	
19.600000	88.386119	35.380358	0.000000	
19.700000	88.206105	35.554352	0.000000	
19.800000	88.027428	35.731124	0.000000	
19.900000	87.850220	35.910595	0.000000	
20.000000	87.674612	36.092677	0.000000	
20.100000	87.500729	36.277280	0.000000	
20.200000	87.328693	36.464307	0.000000	
20.300000	87.158621	36.653657	0.000000	
20.400000	86.990627	36.845223	0.000000	
20.500000	86.824820	37.038894	0.000000	
20.600000	86.661303	37.234555	0.000000	
20.700000	86.500176	37.432085	0.000000	
20.800000	86.341532	37.631362	0.000000	
20.900000	86.185461	37.832257	0.000000	
21.000000	86.032046	38.034638	0.000000	
21.100000	85.881364	38.238373	0.000000	
21.200000	85.733487	38.443322	0.000000	
21.300000	85.588482	38.649345	0.000000	
21.400000	85.446409	38.856299	0.000000	
21.500000	85.307321	39.064038	0.000000	
21.600000	85.171266	39.272415	0.000000	
21.700000	85.038287	39.481280	0.000000	
21.800000	84.908419	39.690481	0.000000	
21.900000	84.781690	39.899867	0.000000	
22.000000	84.658123	40.109284	0.000000	
22.100000	84.537735	40.318578	0.000000	
22.200000	84.420534	40.527594	0.000000	
22.300000	84.306524	40.736176	0.000000	
22.400000	84.195701	40.944171	0.000000	
22.500000	84.088055	41.151424	0.000000	
22.600000	83.983570	41.357781	0.000000	
22.700000	83.882224	41.563088	0.000000	
22.800000	83.783985	41.767194	0.000000	
22.900000	83.688820	41.969950	0.000000	
23.000000	83.596685	42.171205	0.000000	
23.100000	83.507533	42.370813	0.000000	
23.200000	83.421309	42.568631	0.000000	
23.300000	83.337953	42.764515	0.000000	
23.400000	83.257398	42.958328	0.000000	
23.500000	83.179574	43.149932	0.000000	
23.600000	83.104401	43.339195	0.000000	
23.700000	83.031797	43.525988	0.000000	
23.800000	82.961673	43.710184	0.000000	
23.900000	82.893935	43.891662	0.000000	
24.000000	82.828485	44.070305	0.000000	
24.100000	82.765219	44.245998	0.000000	
24.200000	82.704028	44.418634	0.000000	
24.300000	82.644800	44.588108	0.000000	
24.400000	82.587418	44.754322	0.000000	
24.500000	82.531761	44.917182	0.000000	
24.600000	82.477704	45.076598	0.000000	
24.700000	82.425118	45.232489	0.000000	
24.800000	82.373872	45.384776	0.000000	
24.900000	82.323830	45.533388	0.000000	
25.000000	82.274856	45.678259	0.000000	
25.100000	82.226808	45.819329	0.000000	
25.200000	82.179544	45.956544	0.000000	
25.300000	82.132919	46.089857	0.000000	
25.400000	82.086786	46.219226	0.000000	
25.500000	82.040998	46.344616	0.000000	
25.600000	81.995404	46.465998	0.000000	
25.700000	81.949854	46.583350	0.000000	
25.800000	81.904197	46.696657	0.000000	
25.900000	81.858280	46.805909	0.000000	
26.000000	81.811953	46.911104	0.000000	
26.100000	81.765062	47.012245	0.000000	
26.200000	81.717457	47.109343	0.000000	
26.300000	81.668987	47.202415	0.000000	
26.400000	81.619501	47.291484	0.000000	
26.500000	81.568851	47.376579	0.000000	
26.600000	81.516890	47.457737	0.000000	
26.700000	81.463471	47.535001	0.000000	
26.800000	81.408451	47.608418	0.000000	
26.900000	81.351690	47.678044	0.000000	
27.000000	81.293047	47.743939	0.000000	
27.100000	81.232387	47.806171	0.000000	
27.200000	81.169577	47.864811	0.000000	
27.300000	81.104486	47.919938	0.000000	
27.400000	81.036990	47.971635	0.000000	
27.500000	80.966964	48.019992	0.000000	
27.600000	80.894290	48.065102	0.000000	
27.700000	80.818854	48.107065	0.000000	
27.800000	80.740546	48.145985	0.000000	
27.900000	80.659260	48.181971	0.000000	
28.000000	80.574895	48.215136	0.000000	
28.100000	80.487356	48.245598	0.000000	
28.200000	80.396552	48.273478	0.000000	
28.300000	80.302396	48.298900	0.000000	
28.400000	80.204811	48.321996	0.000000	
28.500000	80.103720	48.342895	0.000000	
28.600000	79.999056	48.361735	0.000000	
28.700000	79.890756	48.378652	0.000000	
28.800000	79.778763	48.393789	0.000000	
28.900000	79.663026	48.407288	0.000000	
29.000000	79.543501	48.419294	0.000000	
29.100000	79.420150	48.429955	0.000000	
29.200000	79.292940	48.439420	0.000000	
29.300000	79.161847	48.447838	0.000000	
29.400000	79.026851	48.455360	0.000000	
29.500000	78.887940	48.462138	0.000000	
29.600000	78.745107	48.468325	0.000000	
29.700000	78.598354	48.474073	0.000000	
29.800000	78.447687	48.479534	0.000000	
29.900000	78.293120	48.484860	0.000000	
30.000000	78.134672	48.490203	0.000000	
30.100000	77.972371	48.495713	0.000000	
30.200000	77.806249	48.501539	0.000000	
30.300000	77.636346	48.507829	0.000000	
30.400000	77.462706	48.514729	0.000000	
30.500000	77.285382	48.522384	0.000000	
30.600000	77.104432	48.530934	0.000000	
30.700000	76.919919	48.540520	0.000000	
30.800000	76.731914	48.551278	0.000000	
30.900000	76.540492	48.563342	0.000000	
31.000000	76.345734	48.576841	0.000000	
31.100000	76.147727	48.591903	0.000000	
31.200000	75.946563	48.608651	0.000000	
31.300000	75.742340	48.627203	0.000000	
31.400000	75.535160	48.647675	0.000000	
31.500000	75.325129	48.670178	0.000000	
31.600000	75.112361	48.694817	0.000000	
31.700000	74.896970	48.721693	0.000000	
31.800000	74.679079	48.750903	0.000000	
31.900000	74.458810	48.782539	0.000000	
32.000000	74.236293	48.816685	0.000000	
32.100000	74.011659	48.853422	0.000000	
32.200000	73.785044	48.892826	0.000000	
32.300000	73.556586	48.934965	0.000000	
32.400000	73.326426	48.979902	0.000000	
32.500000	73.094708	49.027696	0.000000	
32.600000	72.861578	49.078395	0.000000	
32.700000	72.627185	49.132047	0.000000	
32.800000	72.391679	49.188689	0.000000	
32.900000	72.155210	49.248354	0.000000	
33.000000	71.917933	49.311069	0.000000	
33.100000	71.680000	49.376851	0.000000	
33.200000	71.441567	49.445715	0.000000	
33.300000	71.202789	49.517668	0.000000	
33.400000	70.963820	49.592708	0.000000	
33.500000	70.724817	49.670831	0.000000	
33.600000	70.485933	49.752022	0.000000	
33.700000	70.247324	49.836263	0.000000	
33.800000	70.009142	49.923527	0.000000	
33.900000	69.771539	50.013782	0.000000	
34.000000	69.534666	50.106990	0.000000	
34.100000	69.298672	50.203106	0.000000	
34.200000	69.063703	50.302078	0.000000	
34.300000	68.829904	50.403849	0.000000	
34.400000	68.597417	50.508357	0.000000	
34.500000	68.366382	50.615531	0.000000	
34.600000	68.136934	50.725298	0.000000	
34.700000	67.909206	50.837576	0.000000	
34.800000	67.683328	50.952280	0.000000	
34.900000	67.459426	51.069317	0.000000	
35.000000	67.237621	51.188592	0.000000	
35.100000	67.018031	51.310004	0.000000	
35.200000	66.800770	51.433444	0.000000	
35.300000	66.585944	51.558804	0.000000	
35.400000	66.373660	51.685966	0.000000	
35.500000	66.164014	51.814812	0.000000	
35.600000	65.957102	51.945218	0.000000	
35.700000	65.753011	52.077057	0.000000	
35.800000	65.551825	52.210197	0.000000	
35.900000	65.353620	52.344503	0.000000	
36.000000	65.158469	52.479840	0.000000	
36.100000	64.966437	52.616066	0.000000	
36.200000	64.777583	52.753038	0.000000	
36.300000	64.591962	52.890612	0.000000	
36.400000	64.409621	53.028641	0.000000	
36.500000	64.230601	53.166974	0.000000	
36.600000	64.054937	53.305462	0.000000	
36.700000	63.882658	53.443953	0.000000	
36.800000	63.713785	53.582294	0.000000	
36.900000	63.548334	53.720332	0.000000	
37.000000	63.386314	53.857912	0.000000	
37.100000	63.227728	53.994881	0.000000	
37.200000	63.072571	54.131084	0.000000	
37.300000	62.920833	54.266368	0.000000	
37.400000	62.772498	54.400580	0.000000	
37.500000	62.627540	54.533569	0.000000	
37.600000	62.485932	54.665182	0.000000	
37.700000	62.347636	54.795272	0.000000	
37.800000	62.212610	54.923690	0.000000	
37.900000	62.080806	55.050291	0.000000	
38.000000	61.952168	55.174932	0.000000	
38.100000	61.826636	55.297472	0.000000	
38.200000	61.704143	55.417773	0.000000	
38.300000	61.584616	55.535701	0.000000	
38.400000	61.467978	55.651124	0.000000	
38.500000	61.354144	55.763914	0.000000	
38.600000	61.243027	55.873947	0.000000	
38.700000	61.134531	55.981103	0.000000	
38.800000	61.028558	56.085264	0.000000	
38.900000	60.925003	56.186321	0.000000	
39.000000	60.823759	56.284165	0.000000	
39.100000	60.724712	56.378695	0.000000	
39.200000	60.627745	56.469812	0.000000	
39.300000	60.532737	56.557426	0.000000	
39.400000	60.439562	56.641449	0.000000	
39.500000	60.348093	56.721800	0.000000	
39.600000	60.258197	56.798403	0.000000	
39.700000	60.169739	56.871188	0.000000	
39.800000	60.082582	56.940091	0.000000	
39.900000	59.996586	57.005054	0.000000	
40.000000	59.911607	57.066025	0.000000	
40.100000	59.827501	57.122959	0.000000	
40.200000	59.744121	57.175815	0.000000	
40.300000	59.661320	57.224561	0.000000	
40.400000	59.578948	57.269169	0.000000	
40.500000	59.496854	57.309621	0.000000	
40.600000	59.414889	57.345901	0.000000	
40.700000	59.332900	57.378003	0.000000	
40.800000	59.250736	57.405925	0.000000	
40.900000	59.168245	57.429674	0.000000	
41.000000	59.085277	57.449262	0.000000	
41.100000	59.001680	57.464707	0.000000	
41.200000	58.917307	57.476035	0.000000	
41.300000	58.832007	57.483278	0.000000	
41.400000	58.745636	57.486473	0.000000	
41.500000	58.658047	57.485665	0.000000	
41.600000	58.569098	57.480905	0.000000	
41.700000	58.478648	57.472248	0.000000	
41.800000	58.386560	57.459758	0.000000	
41.900000	58.292697	57.443503	0.000000	
42.000000	58.196929	57.423558	0.000000	
42.100000	58.099125	57.400002	0.000000	
42.200000	57.999160	57.372921	0.000000	
42.300000	57.896914	57.342405	0.000000	
42.400000	57.792267	57.308551	0.000000	
42.500000	57.685108	57.271460	0.000000	
42.600000	57.575326	57.231236	0.000000	
42.700000	57.462817	57.187992	0.000000	
42.800000	57.347482	57.141841	0.000000	
42.900000	57.229225	57.092903	0.000000	
43.000000	57.107959	57.041300	0.000000	
43.100000	56.983597	56.987160	0.000000	
43.200000	56.856062	56.930612	0.000000	
43.300000	56.725280	56.871791	0.000000	
43.400000	56.591185	56.810834	0.000000	
43.500000	56.453714	56.747879	0.000000	
43.600000	56.312813	56.683069	0.000000	
43.700000	56.168431	56.616549	0.000000	
43.800000	56.020526	56.548465	0.000000	
43.900000	55.869061	56.478966	0.000000	
44.000000	55.714005	56.408201	0.000000	
44.100000	55.555334	56.336321	0.000000	
44.200000	55.393031	56.263479	0.000000	
44.300000	55.227084	56.189827	0.000000	
44.400000	55.057489	56.115519	0.000000	
44.500000	54.884247	56.040708	0.000000	
44.600000	54.707367	55.965547	0.000000	
44.700000	54.526864	55.890188	0.000000	
44.800000	54.342758	55.814786	0.000000	
44.900000	54.155079	55.739489	0.000000	
45.000000	53.963860	55.664449	0.000000	
45.100000	53.769141	55.589813	0.000000	
45.200000	53.570970	55.515729	0.000000	
45.300000	53.369399	55.442342	0.000000	
45.400000	53.164488	55.369793	0.000000	
45.500000	52.956301	55.298222	0.000000	
45.600000	52.744911	55.227767	0.000000	
45.700000	52.530393	55.158562	0.000000	
45.800000	52.312830	55.090736	0.000000	
45.900000	52.092310	55.024418	0.000000	
46.000000	51.868926	54.959731	0.000000	
46.100000	51.642776	54.896793	0.000000	
46.200000	51.413965	54.835722	0.000000	
46.300000	51.182600	54.776626	0.000000	
46.400000	50.948793	54.719612	0.000000	
46.500000	50.712663	54.664783	0.000000	
46.600000	50.474330	54.612233	0.000000	
46.700000	50.233920	54.562055	0.000000	
46.800000	49.991562	54.514335	0.000000	
46.900000	49.747388	54.469152	0.000000	
47.000000	49.501536	54.426582	0.000000	
47.100000	49.254143	54.386694	0.000000	
47.200000	49.005352	54.349551	0.000000	
47.300000	48.755307	54.315211	0.000000	
47.400000	48.504154	54.283723	0.000000	
47.500000	48.252044	54.255134	0.000000	
47.600000	47.999125	54.229483	0.000000	
47.700000	47.745550	54.206800	0.000000	
47.800000	47.491473	54.187113	0.000000	
47.900000	47.237047	54.170441	0.000000	
48.000000	46.982428	54.156796	0.000000	
48.100000	46.727771	54.146186	0.000000	
48.200000	46.473231	54.138610	0.000000	
48.300000	46.218964	54.134062	0.000000	
48.400000	45.965124	54.132528	0.000000	
48.500000	45.711866	54.133990	0.000000	
48.600000	45.459342	54.138421	0.000000	
48.700000	45.207706	54.145789	0.000000	
48.800000	44.957107	54.156055	0.000000	
48.900000	44.707694	54.169174	0.000000	
49.000000	44.459614	54.185095	0.000000	
49.100000	44.213011	54.203762	0.000000	
49.200000	43.968026	54.225110	0.000000	
49.300000	43.724799	54.249070	0.000000	
49.400000	43.483465	54.275568	0.000000	
49.500000	43.244158	54.304524	0.000000	
49.600000	43.007005	54.335850	0.000000	
49.700000	42.772133	54.369457	0.000000	
49.800000	42.539662	54.405248	0.000000	
49.900000	42.309710	54.443120	0.000000	
50.000000	42.082388	54.482969	0.000000	
50.100000	41.857806	54.524683	0.000000	
50.200000	41.636065	54.568148	0.000000	
50.300000	41.417265	54.613243	0.000000	
50.400000	41.201499	54.659846	0.000000	
50.500000	40.988853	54.707830	0.000000	
50.600000	40.779410	54.757063	0.000000	
50.700000	40.573247	54.807412	0.000000	
50.800000	40.370434	54.858741	0.000000	
50.900000	40.171037	54.910909	0.000000	
51.000000	39.975113	54.963774	0.000000	
51.100000	39.782717	55.017192	0.000000	
51.200000	39.593894	55.071016	0.000000	
51.300000	39.408684	55.125098	0.000000	
51.400000	39.227122	55.179287	0.000000	
51.500000	39.049236	55.233434	0.000000	
51.600000	38.875045	55.287386	0.000000	
51.700000	38.704565	55.340990	0.000000	
51.800000	38.537804	55.394094	0.000000	
51.900000	38.374764	55.446544	0.000000	
52.000000	38.215438	55.498188	0.000000	
52.100000	38.059817	55.548872	0.000000	
52.200000	37.907881	55.598445	0.000000	
52.300000	37.759607	55.646756	0.000000	
52.400000	37.614963	55.693657	0.000000	
52.500000	37.473913	55.738997	0.000000	
52.600000	37.336412	55.782632	0.000000	
52.700000	37.202412	55.824417	0.000000	
52.800000	37.071856	55.864211	0.000000	
52.900000	36.944684	55.901874	0.000000	
53.000000	36.820826	55.937269	0.000000	
53.100000	36.700210	55.970264	0.000000	
53.200000	36.582757	56.000729	0.000000	
53.300000	36.468382	56.028536	0.000000	
53.400000	36.356996	56.053564	0.000000	
53.500000	36.248504	56.075693	0.000000	
53.600000	36.142806	56.094810	0.000000	
53.700000	36.039796	56.110804	0.000000	
53.800000	35.939366	56.123570	0.000000	
53.900000	35.841403	56.133008	0.000000	
54.000000	35.745788	56.139021	0.000000	
54.100000	35.652399	56.141521	0.000000	
54.200000	35.561111	56.140421	0.000000	
54.300000	35.471795	56.135642	0.000000	
54.400000	35.384318	56.127111	0.000000	
54.500000	35.298545	56.114759	0.000000	
54.600000	35.214337	56.098525	0.000000	
54.700000	35.131555	56.078352	0.000000	
54.800000	35.050054	56.054189	0.000000	
54.900000	34.969690	56.025994	0.000000	
55.000000	34.890317	55.993729	0.000000	
55.100000	34.811784	55.957363	0.000000	
55.200000	34.733944	55.916870	0.000000	
55.300000	34.656646	55.872233	0.000000	
55.400000	34.579739	55.823440	0.000000	
55.500000	34.503070	55.770486	0.000000	
55.600000	34.426489	55.713371	0.000000	
55.700000	34.349844	55.652104	0.000000	
55.800000	34.272983	55.586699	0.000000	
55.900000	34.195758	55.517177	0.000000	
56.000000	34.118018	55.443565	0.000000	
56.100000	34.039615	55.365897	0.000000	
56.200000	33.960402	55.284212	0.000000	
56.300000	33.880236	55.198557	0.000000	
56.400000	33.798974	55.108985	0.000000	
56.500000	33.716474	55.015554	0.000000	
56.600000	33.632600	54.918328	0.000000	
56.700000	33.547217	54.817378	0.000000	
56.800000	33.460192	54.712781	0.000000	
56.900000	33.371398	54.604618	0.000000	
57.000000	33.280709	54.492976	0.000000	
57.100000	33.188004	54.377947	0.000000	
57.200000	33.093166	54.259631	0.000000	
57.300000	32.996082	54.138129	0.000000	
57.400000	32.896645	54.013548	0.000000	
57.500000	32.794749	53.886002	0.000000	
57.600000	32.690297	53.755606	0.000000	
57.700000	32.583193	53.622481	0.000000	
57.800000	32.473350	53.486752	0.000000	
57.900000	32.360683	53.348547	0.000000	
58.000000	32.245116	53.207998	0.000000	
58.100000	32.126575	53.065240	0.000000	
58.200000	32.004993	52.920411	0.000000	
58.300000	31.880312	52.773653	0.000000	
58.400000	31.752474	52.625109	0.000000	
58.500000	31.621434	52.474925	0.000000	
58.600000	31.487147	52.323248	0.000000	
58.700000	31.349577	52.170228	0.000000	
58.800000	31.208696	52.016017	0.000000	
58.900000	31.064480	51.860766	0.000000	
59.000000	30.916912	51.704628	0.000000	
59.100000	30.765982	51.547758	0.000000	
59.200000	30.611685	51.390309	0.000000	
59.300000	30.454025	51.232437	0.000000	
59.400000	30.293011	51.074295	0.000000	
59.500000	30.128659	50.916036	0.000000	
59.600000	29.960990	50.757815	0.000000	
59.700000	29.790034	50.599782	0.000000	
59.800000	29.615826	50.442089	0.000000	
59.900000	29.438406	50.284884	0.000000	
60.000000	29.257822	50.128316	0.000000	
60.100000	29.074129	49.972529	0.000000	
60.200000	28.887386	49.817666	0.000000	
60.300000	28.697659	49.663868	0.000000	
60.400000	28.505020	49.511272	0.000000	
60.500000	28.309546	49.360013	0.000000	
60.600000	28.111320	49.210221	0.000000	
60.700000	27.910431	49.062025	0.000000	
60.800000	27.706973	48.915548	0.000000	
60.900000	27.501045	48.770909	0.000000	
61.000000	27.292750	48.628224	0.000000	
61.100000	27.082197	48.487605	0.000000	
61.200000	26.869500	48.349157	0.000000	
61.300000	26.654777	48.212982	0.000000	
61.400000	26.438148	48.079177	0.000000	
61.500000	26.219740	47.947833	0.000000	
61.600000	25.999682	47.819036	0.000000	
61.700000	25.778107	47.692866	0.000000	
61.800000	25.555152	47.569399	0.000000	
61.900000	25.330956	47.448704	0.000000	
62.000000	25.105660	47.330843	0.000000	
62.100000	24.879409	47.215875	0.000000	
62.200000	24.652351	47.103849	0.000000	
62.300000	24.424633	46.994812	0.000000	
62.400000	24.196407	46.888800	0.000000	
62.500000	23.967824	46.785848	0.000000	
62.600000	23.739038	46.685980	0.000000	
62.700000	23.510202	46.589217	0.000000	
62.800000	23.281471	46.495570	0.000000	
62.900000	23.053000	46.405046	0.000000	
63.000000	22.824945	46.317646	0.000000	
63.100000	22.597460	46.233362	0.000000	
63.200000	22.370701	46.152181	0.000000	
63.300000	22.144819	46.074085	0.000000	
63.400000	21.919970	45.999045	0.000000	
63.500000	21.696303	45.927032	0.000000	
63.600000	21.473968	45.858004	0.000000	
63.700000	21.253114	45.791918	0.000000	
63.800000	21.033887	45.728722	0.000000	
63.900000	20.816430	45.668359	0.000000	
64.000000	20.600885	45.610766	0.000000	
64.100000	20.387388	45.555873	0.000000	
64.200000	20.176076	45.503606	0.000000	
64.300000	19.967080	45.453884	0.000000	
64.400000	19.760527	45.406622	0.000000	
64.500000	19.556543	45.361728	0.000000	
64.600000	19.355248	45.319106	0.000000	
64.700000	19.156756	45.278654	0.000000	
64.800000	18.961181	45.240267	0.000000	
64.900000	18.768628	45.203835	0.000000	
65.000000	18.579200	45.169241	0.000000	
65.100000	18.392994	45.136368	0.000000	
65.200000	18.210101	45.105092	0.000000	
65.300000	18.030608	45.075286	0.000000	
65.400000	17.854596	45.046820	0.000000	
65.500000	17.682140	45.019561	0.000000	
65.600000	17.513309	44.993372	0.000000	
65.700000	17.348167	44.968114	0.000000	
65.800000	17.186772	44.943645	0.000000	
65.900000	17.029174	44.919821	0.000000	
66.000000	16.875420	44.896497	0.000000	
66.100000	16.725547	44.873524	0.000000	
66.200000	16.579589	44.850753	0.000000	
66.300000	16.437570	44.828035	0.000000	
66.400000	16.299512	44.805218	0.000000	
66.500000	16.165427	44.782150	0.000000	
66.600000	16.035322	44.758680	0.000000	
66.700000	15.909197	44.734654	0.000000	
66.800000	15.787045	44.709920	0.000000	
66.900000	15.668853	44.684328	0.000000	
67.000000	15.554602	44.657727	0.000000	
67.100000	15.444266	44.629966	0.000000	
67.200000	15.337813	44.600897	0.000000	
67.300000	15.235204	44.570374	0.000000	
67.400000	15.136394	44.538251	0.000000	
67.500000	15.041333	44.504385	0.000000	
67.600000	14.949962	44.468636	0.000000	
67.700000	14.862219	44.430866	0.000000	
67.800000	14.778035	44.390940	0.000000	
67.900000	14.697335	44.348726	0.000000	
68.000000	14.620039	44.304095	0.000000	
68.100000	14.546061	44.256922	0.000000	
68.200000	14.475309	44.207087	0.000000	
68.300000	14.407689	44.154471	0.000000	
68.400000	14.343098	44.098963	0.000000	
68.500000	14.281431	44.040454	0.000000	
68.600000	14.222577	43.978840	0.000000	
68.700000	14.166421	43.914022	0.000000	
68.800000	14.112845	43.845907	0.000000	
68.900000	14.061725	43.774405	0.000000	
69.000000	14.012935	43.699434	0.000000	
69.100000	13.966345	43.620916	0.000000	
69.200000	13.921821	43.538779	0.000000	
69.300000	13.879227	43.452956	0.000000	
69.400000	13.838423	43.363387	0.000000	
69.500000	13.799269	43.270019	0.000000	
69.600000	13.761619	43.172802	0.000000	
69.700000	13.725329	43.071694	0.000000	
69.800000	13.690251	42.966661	0.000000	
69.900000	13.656236	42.857673	0.000000	
70.000000	13.623132	42.744706	0.000000	
70.100000	13.590791	42.627745	0.000000	
70.200000	13.559059	42.506780	0.000000	
70.300000	13.527785	42.381807	0.000000	
70.400000	13.496816	42.252829	0.000000	
70.500000	13.466000	42.119856	0.000000	
70.600000	13.435187	41.982904	0.000000	
70.700000	13.404225	41.841997	0.000000	
70.800000	13.372965	41.697162	0.000000	
70.900000	13.341258	41.548436	0.000000	
71.000000	13.308958	41.395860	0.000000	
71.100000	13.275920	41.239482	0.000000	
71.200000	13.242000	41.079357	0.000000	
71.300000	13.207059	40.915545	0.000000	
71.400000	13.170958	40.748112	0.000000	
71.500000	13.133563	40.577131	0.000000	
71.600000	13.094741	40.402679	0.000000	
71.700000	13.054365	40.224840	0.000000	
71.800000	13.012309	40.043703	0.000000	
71.900000	12.968453	39.859362	0.000000	
72.000000	12.922678	39.671916	0.000000	
72.100000	12.874874	39.481470	0.000000	
72.200000	12.824930	39.288133	0.000000	
72.300000	12.772745	39.092017	0.000000	
72.400000	12.718218	38.893243	0.000000	
72.500000	12.661256	38.691930	0.000000	
72.600000	12.601771	38.488206	0.000000	
72.700000	12.539679	38.282201	0.000000	
72.800000	12.474904	38.074046	0.000000	
72.900000	12.407371	37.863880	0.000000	
73.000000	12.337017	37.651840	0.000000	
73.100000	12.263780	37.438071	0.000000	
73.200000	12.187606	37.222715	0.000000	
73.300000	12.108446	37.005921	0.000000	
73.400000	12.026260	36.787836	0.000000	
73.500000	11.941011	36.568612	0.000000	
73.600000	11.852670	36.348401	0.000000	
73.700000	11.761215	36.127355	0.000000	
73.800000	11.666628	35.905629	0.000000	
73.900000	11.568900	35.683378	0.000000	
74.000000	11.468028	35.460756	0.000000	
74.100000	11.364015	35.237918	0.000000	
74.200000	11.256870	35.015021	0.000000	
74.300000	11.146609	34.792217	0.000000	
74.400000	11.033255	34.569660	0.000000	
74.500000	10.916837	34.347503	0.000000	
74.600000	10.797391	34.125898	0.000000	
74.700000	10.674959	33.904993	0.000000	
74.800000	10.549587	33.684937	0.000000	
74.900000	10.421331	33.465875	0.000000	
75.000000	10.290250	33.247950	0.000000	
75.100000	10.156411	33.031304	0.000000	
75.200000	10.019886	32.816074	0.000000	
75.300000	9.880753	32.602394	0.000000	
75.400000	9.739094	32.390396	0.000000	
75.500000	9.594999	32.180208	0.000000	
75.600000	9.448562	31.971953	0.000000	
75.700000	9.299881	31.765751	0.000000	
75.800000	9.149061	31.561717	0.000000	
75.900000	8.996210	31.359963	0.000000	
76.000000	8.841442	31.160595	0.000000	
76.100000	8.684875	30.963715	0.000000	
76.200000	8.526630	30.769418	0.000000	
76.300000	8.366833	30.577796	0.000000	
76.400000	8.205613	30.388935	0.000000	
76.500000	8.043103	30.202916	0.000000	
76.600000	7.879440	30.019812	0.000000	
76.700000	7.714761	29.839693	0.000000	
76.800000	7.549210	29.662622	0.000000	
76.900000	7.382930	29.488655	0.000000	
77.000000	7.216067	29.317844	0.000000	
77.100000	7.048770	29.150232	0.000000	
77.200000	6.881190	28.985859	0.000000	
77.300000	6.713477	28.824756	0.000000	
77.400000	6.545784	28.666949	0.000000	
77.500000	6.378265	28.512456	0.000000	
77.600000	6.211073	28.361291	0.000000	
77.700000	6.044363	28.213458	0.000000	
77.800000	5.878290	28.068958	0.000000	
77.900000	5.713008	27.927784	0.000000	
78.000000	5.548670	27.789922	0.000000	
78.100000	5.385429	27.655352	0.000000	
78.200000	5.223438	27.524048	0.000000	
78.300000	5.062845	27.395976	0.000000	
78.400000	4.903802	27.271098	0.000000	
78.500000	4.746453	27.149369	0.000000	
78.600000	4.590945	27.030736	0.000000	
78.700000	4.437419	26.915143	0.000000	
78.800000	4.286016	26.802525	0.000000	
78.900000	4.136872	26.692814	0.000000	
79.000000	3.990122	26.585934	0.000000	
79.100000	3.845894	26.481804	0.000000	
79.200000	3.704317	26.380338	0.000000	
79.300000	3.565513	26.281446	0.000000	
79.400000	3.429601	26.185030	0.000000	
79.500000	3.296695	26.090989	0.000000	
79.600000	3.166905	25.999217	0.000000	
79.700000	3.040337	25.909604	0.000000	
79.800000	2.917091	25.822034	0.000000	
79.900000	2.797262	25.736388	0.000000	
80.000000	2.680941	25.652543	0.000000	
80.100000	2.568213	25.570373	0.000000	
80.200000	2.459156	25.489747	0.000000	
80.300000	2.353844	25.410532	0.000000	
80.400000	2.252345	25.332592	0.000000	
80.500000	2.154721	25.255787	0.000000	
80.600000	2.061027	25.179977	0.000000	
80.700000	1.971313	25.105017	0.000000	
80.800000	1.885623	25.030761	0.000000	
80.900000	1.803993	24.957063	0.000000	
81.000000	1.726454	24.883774	0.000000	
81.100000	1.653031	24.810743	0.000000	
81.200000	1.583741	24.737820	0.000000	
81.300000	1.518595	24.664855	0.000000	
81.400000	1.457599	24.591694	0.000000	
81.500000	1.400750	24.518187	0.000000	
81.600000	1.348040	24.444182	0.000000	
81.700000	1.299455	24.369528	0.000000	
81.800000	1.254973	24.294075	0.000000	
81.900000	1.214566	24.217675	0.000000	
82.000000	1.178200	24.140179	0.000000	
82.100000	1.145835	24.061441	0.000000	
82.200000	1.117424	23.981317	0.000000	
82.300000	1.092915	23.899666	0.000000	
82.400000	1.072247	23.816348	0.000000	
82.500000	1.055358	23.731225	0.000000	
82.600000	1.042175	23.644164	0.000000	
82.700000	1.032622	23.555033	0.000000	
82.800000	1.026617	23.463706	0.000000	
82.900000	1.024073	23.370059	0.000000	
83.000000	1.024897	23.273971	0.000000	
83.100000	1.028992	23.175326	0.000000	
83.200000	1.036253	23.074014	0.000000	
83.300000	1.046575	22.969926	0.000000	
83.400000	1.059845	22.862961	0.000000	
83.500000	1.075946	22.753020	0.000000	
83.600000	1.094759	22.640012	0.000000	
83.700000	1.116158	22.523849	0.000000	
83.800000	1.140016	22.404450	0.000000	
83.900000	1.166201	22.281737	0.000000	
84.000000	1.194579	22.155641	0.000000	
84.100000	1.225012	22.026096	0.000000	
84.200000	1.257358	21.893044	0.000000	
84.300000	1.291477	21.756431	0.000000	
84.400000	1.327221	21.616212	0.000000	
84.500000	1.364446	21.472345	0.000000	
84.600000	1.403000	21.324796	0.000000	
84.700000	1.442736	21.173539	0.000000	
84.800000	1.483501	21.018550	0.000000	
84.900000	1.525144	20.859816	0.000000	
85.000000	1.567511	20.697328	0.000000	
85.100000	1.610450	20.531085	0.000000	
85.200000	1.653807	20.361090	0.000000	
85.300000	1.697431	20.187355	0.000000	
85.400000	1.741169	20.009897	0.000000	
85.500000	1.784869	19.828742	0.000000	
85.600000	1.828381	19.643919	0.000000	
85.700000	1.871557	19.455465	0.000000	
85.800000	1.914248	19.263424	0.000000	
85.900000	1.956309	19.067846	0.000000	
86.000000	1.997597	18.868785	0.000000	
86.100000	2.037971	18.666304	0.000000	
86.200000	2.077293	18.460470	0.000000	
86.300000	2.115428	18.251357	0.000000	
86.400000	2.152242	18.039045	0.000000	
86.500000	2.187608	17.823617	0.000000	
86.600000	2.221401	17.605165	0.000000	
86.700000	2.253498	17.383783	0.000000	
86.800000	2.283783	17.159572	0.000000	
86.900000	2.312142	16.932639	0.000000	
87.000000	2.338469	16.703092	0.000000	
87.100000	2.362657	16.471047	0.000000	
87.200000	2.384610	16.236622	0.000000	
87.300000	2.404232	15.999942	0.000000	
87.400000	2.421436	15.761132	0.000000	
87.500000	2.436138	15.520324	0.000000	
87.600000	2.448260	15.277652	0.000000	
87.700000	2.457731	15.033253	0.000000	
87.800000	2.464485	14.787267	0.000000	
87.900000	2.468460	14.539838	0.000000	
88.000000	2.469604	14.291111	0.000000	
88.100000	2.467867	14.041233	0.000000	
88.200000	2.463209	13.790354	0.000000	
88.300000	2.455593	13.538626	0.000000	
88.400000	2.444991	13.286200	0.000000	
88.500000	2.431380	13.033231	0.000000	
88.600000	2.414743	12.779873	0.000000	
88.700000	2.395071	12.526282	0.000000	
88.800000	2.372360	12.272612	0.000000	
88.900000	2.346614	12.019019	0.000000	
89.000000	2.317843	11.765659	0.000000	
89.100000	2.286062	11.512685	0.000000	
89.200000	2.251295	11.260252	0.000000	
89.300000	2.213571	11.008512	0.000000	
89.400000	2.172924	10.757617	0.000000	
89.500000	2.129398	10.507716	0.000000	
89.600000	2.083040	10.258957	0.000000	
89.700000	2.033904	10.011487	0.000000	
89.800000	1.982050	9.765447	0.000000	
89.900000	1.927546	9.520978	0.000000	
90.000000	1.870462	9.278219	0.000000	
90.100000	1.810876	9.037304	0.000000	
90.200000	1.748872	8.798362	0.000000	
90.300000	1.684539	8.561523	0.000000	
90.400000	1.617970	8.326910	0.000000	
90.500000	1.549264	8.094641	0.000000	
90.600000	1.478526	7.864832	0.000000	
90.700000	1.405863	7.637593	0.000000	
90.800000	1.331389	7.413031	0.000000	
90.900000	1.255221	7.191246	0.000000	
91.000000	1.177481	6.972335	0.000000	
91.100000	1.098294	6.756387	0.000000	
91.200000	1.017789	6.543488	0.000000	
91.300000	0.936099	6.333719	0.000000	
91.400000	0.853359	6.127152	0.000000	
91.500000	0.769707	5.923857	0.000000	
91.600000	0.685286	5.723895	0.000000	
91.700000	0.600238	5.527322	0.000000	
91.800000	0.514709	5.334189	0.000000	
91.900000	0.428848	5.144540	0.000000	
92.000000	0.342803	4.958411	0.000000	
92.100000	0.256725	4.775835	0.000000	
92.200000	0.170766	4.596835	0.000000	
92.300000	0.085079	4.421431	0.000000	
92.400000	-0.000184	4.249633	0.000000	
92.500000	-0.084868	4.081447	0.000000	
92.600000	-0.168820	3.916872	0.000000	
92.700000	-0.251887	3.755899	0.000000	
92.800000	-0.333917	3.598515	0.000000	
92.900000	-0.414757	3.444699	0.000000	
93.000000	-0.494257	3.294423	0.000000	
93.100000	-0.572268	3.147654	0.000000	
93.200000	-0.648642	3.004352	0.000000	
93.300000	-0.723234	2.864471	0.000000	
93.400000	-0.795899	2.727959	0.000000	
93.500000	-0.866497	2.594756	0.000000	
93.600000	-0.934890	2.464800	0.000000	
93.700000	-1.000941	2.338019	0.000000	
93.800000	-1.064519	2.214338	0.000000	
93.900000	-1.125495	2.093675	0.000000	
94.000000	-1.183743	1.975945	0.000000	
94.100000	-1.239143	1.861054	0.000000	
94.200000	-1.291577	1.748906	0.000000	
94.300000	-1.340933	1.639398	0.000000	
94.400000	-1.387102	1.532425	0.000000	
94.500000	-1.429980	1.427874	0.000000	
94.600000	-1.469469	1.325631	0.000000	
94.700000	-1.505475	1.225576	0.000000	
94.800000	-1.537911	1.127585	0.000000	
94.900000	-1.566692	1.031531	0.000000	
95.000000	-1.591742	0.937284	0.000000	
95.100000	-1.612988	0.844710	0.000000	
95.200000	-1.630366	0.753672	0.000000	
95.300000	-1.643816	0.664031	0.000000	
95.400000	-1.653282	0.575646	0.000000	
95.500000	-1.658719	0.488372	0.000000	
95.600000	-1.660084	0.402063	0.000000	
95.700000	-1.657342	0.316573	0.000000	
95.800000	-1.650465	0.231752	0.000000	
95.900000	-1.639430	0.147451	0.000000	
96.000000	-1.624222	0.063519	0.000000	
96.100000	-1.604831	-0.020196	0.000000	
96.200000	-1.581255	-0.103845	0.000000	
96.300000	-1.553497	-0.187579	0.000000	
96.400000	-1.521568	-0.271550	0.000000	
96.500000	-1.485485	-0.355908	0.000000	
96.600000	-1.445270	-0.440804	0.000000	
96.700000	-1.400954	-0.526385	0.000000	
96.800000	-1.352573	-0.612800	0.000000	
96.900000	-1.300168	-0.700193	0.000000	
97.000000	-1.243790	-0.788709	0.000000	
97.100000	-1.183492	-0.878489	0.000000	
97.200000	-1.119335	-0.969672	0.000000	
97.300000	-1.051387	-1.062395	0.000000	
97.400000	-0.979719	-1.156791	0.000000	
97.500000	-0.904411	-1.252990	0.000000	
97.600000	-0.825545	-1.351119	0.000000	
97.700000	-0.743212	-1.451302	0.000000	
97.800000	-0.657506	-1.553657	0.000000	
97.900000	-0.568527	-1.658301	0.000000	
98.000000	-0.476378	-1.765342	0.000000	
98.100000	-0.381170	-1.874889	0.000000	
98.200000	-0.283015	-1.987042	0.000000	
98.300000	-0.182032	-2.101899	0.000000	
98.400000	-0.078344	-2.219550	0.000000	
98.500000	0.027925	-2.340083	0.000000	
98.600000	0.136644	-2.463577	0.000000	
98.700000	0.247681	-2.590110	0.000000	
98.800000	0.360899	-2.719749	0.000000	
98.900000	0.476159	-2.852559	0.000000	
99.000000	0.593320	-2.988599	0.000000	
99.100000	0.712236	-3.127919	0.000000	
99.200000	0.832762	-3.270565	0.000000	
99.300000	0.954750	-3.416578	0.000000	
99.400000	1.078050	-3.565989	0.000000	
99.500000	1.202509	-3.718826	0.000000	
99.600000	1.327977	-3.875110	0.000000	
99.700000	1.454299	-4.034853	0.000000	
99.800000	1.581323	-4.198063	0.000000	
99.900000	1.708894	-4.364741	0.000000	
